"BRAF_mutations","avg_IC50","n_cell_lines"
"p.N486_P490delNVTAP",-1.914748,2
"p.I208V",-0.8138815,2
"p.V600E",-0.59781436440678,118
"p.V600M",0.150133333333333,3
"p.T119S",0.162085,1
"p.K601N",1.048653,6
"p.G464E",1.2533355,2
"p.G469V",1.88678,2
"p.A404fs*9",2.00073066666667,6
"p.D361G",2.472187,2
"p.A747V",2.5225695,2
"p.A728V",2.565151,2
"p.L597V",2.7616695,2
"p.A712T",3.2543095,2
"p.G469A",3.3714335,2
"p.D22N",3.381346,2
"p.P403fs*8",3.406576,4
"p.L485*",3.453688,2
"p.L485_P490delinsY",3.453688,2
"p.G596R",3.4852595,2
"p.A115V",3.5822505,2
"p.G466V",3.69585775,4
"p.R726C",3.7404955,2
"p.N581Y",3.814585,1
"p.V226M",3.829501,2
"p.V487_P492delinsA",3.8923215,2
"p.G464V",3.9074435,2
"p.D287H",3.927708,2
"p.E275K",3.927708,2
"p.E45D",3.929475,1
"p.E375D",4.106195,2
"Wildtype",4.17459607894737,456
"p.T599_V600insT",4.2013885,2
"p.R354Q",4.2652715,2
"p.S727G",4.2986335,2
"p.A400V",4.3835695,2
"p.E204*",4.3966995,2
"p.E204V",4.3966995,2
"p.S683N",4.4443055,2
"p.E296K",4.594769,2
"p.A320S",4.7151505,2
"p.P74A",4.753124,2
"p.I326V",4.7741278,10
"p.S76P",4.828596,2
"p.V120I",4.828596,2
"p.L597R",4.9600215,2
"p.T529A",5.14435,2
"p.R506G",5.292359,2
"p.S273N",5.292359,2
"p.V645I",5.3551345,2
"p.C194G",5.419915,1
"p.D211G",5.522785,2
"p.I326T",6.14282,2
