"BRAF_mutations","count","percentage"
"Wildtype",410,72.8241563055062
"p.V600E",83,14.7424511545293
"p.I326V",6,1.06571936056838
"p.D594G",3,0.532859680284192
"p.K601N",3,0.532859680284192
"p.A404fs*9",2,0.355239786856128
"p.G464E",2,0.355239786856128
"p.G466V",2,0.355239786856128
"p.G469A",2,0.355239786856128
"p.P403fs*8",2,0.355239786856128
"p.V600E; p.V600M",2,0.355239786856128
"p.A115V",1,0.177619893428064
"p.A320S",1,0.177619893428064
"p.A400V",1,0.177619893428064
"p.A404fs*9; p.A712T",1,0.177619893428064
"p.A728V",1,0.177619893428064
"p.A747V; p.P403fs*8",1,0.177619893428064
"p.C194G",1,0.177619893428064
"p.D211G",1,0.177619893428064
"p.D22N",1,0.177619893428064
"p.D287H; p.E275K",1,0.177619893428064
"p.D361G",1,0.177619893428064
"p.E204*; p.E204V",1,0.177619893428064
"p.E296K",1,0.177619893428064
"p.E375D",1,0.177619893428064
"p.E45D",1,0.177619893428064
"p.G464V",1,0.177619893428064
"p.G469V",1,0.177619893428064
"p.G596R",1,0.177619893428064
"p.I208V; p.V600E",1,0.177619893428064
"p.I326T",1,0.177619893428064
"p.K499T",1,0.177619893428064
"p.L485*; p.L485_P490delinsY",1,0.177619893428064
"p.L597R",1,0.177619893428064
"p.L597V",1,0.177619893428064
"p.M650I",1,0.177619893428064
"p.N20T",1,0.177619893428064
"p.N486_P490delNVTAP",1,0.177619893428064
"p.N581K",1,0.177619893428064
"p.N581Y",1,0.177619893428064
"p.P74A",1,0.177619893428064
"p.Q356H",1,0.177619893428064
"p.R146Q",1,0.177619893428064
"p.R354*",1,0.177619893428064
"p.R354Q",1,0.177619893428064
"p.R506G; p.S273N",1,0.177619893428064
"p.R671Q",1,0.177619893428064
"p.R726C",1,0.177619893428064
"p.S683N",1,0.177619893428064
"p.S727G",1,0.177619893428064
"p.S76P; p.V120I",1,0.177619893428064
"p.T119S; p.V600E",1,0.177619893428064
"p.T529A",1,0.177619893428064
"p.T599_V600insT",1,0.177619893428064
"p.V226M",1,0.177619893428064
"p.V487_P492delinsA",1,0.177619893428064
"p.V645I",1,0.177619893428064
