Table;Drug;Mutation;WT_Mean;Mutation_Mean;Difference_Mean;Wilcoxon_p_value
affinity_pred_value;Quizartinib;D835Y;-1.419301986694336;-1.3481883804003398;0.0711136062939961;0.25
affinity_pred_value;Quizartinib;D835H;-1.419301986694336;-1.3346394300460815;0.0846625566482544;0.5
affinity_pred_value;Quizartinib;D835E;-1.419301986694336;-1.6106644868850708;-0.19136250019073486;0.5
affinity_probability_binary;Quizartinib;D835Y;0.8102093736330668;0.8098817467689514;-0.00032762686411536013;0.75
affinity_probability_binary;Quizartinib;D835H;0.8102093736330668;0.8148462176322937;0.004636843999226925;0.5
affinity_probability_binary;Quizartinib;D835E;0.8102093736330668;0.8414573669433594;0.0312479933102926;0.25
